{"cameraMode":{"drawMode":0,"name":"Shaded","section":"Shading Mode"},"sceneLighting":false,"audioPlay":false,"sceneViewState":{"m_AlwaysRefresh":false,"showFog":true,"showSkybox":false,"showFlares":true,"showImageEffects":true,"showParticleSystems":true,"showVisualEffectGraphs":true,"m_FxEnabled":true},"in2DMode":false,"pivot":{"x":-4.102172374725342,"y":-5.5518083572387699,"z":6.6205525398254398},"rotation":{"x":0.35323476791381838,"y":-0.32625263929367068,"z":0.13298536837100984,"w":0.8667463660240173},"size":5.025197505950928,"orthographic":false}